Período;Região;Entidade;Número de Novos Registos
2024-07-15;ARS Norte;ACES Alto Trás-os-Montes - Nordeste;19
2024-07-16;ARS Norte;ACES Alto Trás-os-Montes - Nordeste;20
2024-07-18;ARS Norte;ACES Alto Trás-os-Montes - Nordeste;6
2024-07-12;ARS Norte;ACES Ave / Famalicão;26
2024-07-20;ARS Norte;ACES Ave / Famalicão;10
2024-07-09;ARS Norte;ACES Cávado I - Braga;37
2024-07-17;ARS Norte;ACES Cávado I - Braga;30
2024-07-20;ARS Norte;ACES Cávado I - Braga;19
2024-07-20;ARS Norte;ACES Cávado II - Gerês / Cabreira;5
2024-07-15;ARS Norte;ACES Cávado III - Barcelos / Esposende;42
2024-07-18;ARS Norte;ACES Cávado III - Barcelos / Esposende;24
2024-07-20;ARS Norte;ACES Cávado III - Barcelos / Esposende;12
2024-07-08;ARS Norte;ACES Douro II - Douro Sul;5
2024-07-11;ARS Norte;ACES Douro II - Douro Sul;7
2024-07-08;ARS Norte;ACES Entre Douro e Vouga I - Feira e Arouca;26
2024-07-14;ARS Norte;ACES Entre Douro e Vouga I - Feira e Arouca;7
2024-07-16;ARS Norte;ACES Entre Douro e Vouga II - Aveiro Norte;27
2024-07-17;ARS Norte;ACES Entre Douro e Vouga II - Aveiro Norte;22
2024-07-08;ARS Norte;ACES Grande Porto I - Santo Tirso / Trofa;23
2024-07-21;ARS Norte;ACES Grande Porto I - Santo Tirso / Trofa;2
2024-07-22;ARS Norte;ACES Grande Porto I - Santo Tirso / Trofa;14
2024-07-15;ARS Norte;ACES Grande Porto II - Gondomar;33
2024-07-15;ARS Norte;ACES Grande Porto III - Maia / Valongo;35
2024-07-20;ARS Norte;ACES Grande Porto III - Maia / Valongo;18
2024-07-22;ARS Norte;ACES Grande Porto III - Maia / Valongo;43
2024-07-12;ARS Norte;ACES Grande Porto IV - Póvoa do Varzim / Vila do Conde;26
2024-07-13;ARS Norte;ACES Grande Porto IV - Póvoa do Varzim / Vila do Conde;7
2024-07-17;ARS Norte;ACES Grande Porto IV - Póvoa do Varzim / Vila do Conde;24
2024-07-18;ARS Norte;ACES Grande Porto IV - Póvoa do Varzim / Vila do Conde;42
2024-07-17;ARS Norte;ACES Grande Porto V - Porto Ocidental;34
2024-07-08;ARS Norte;ACES Grande Porto VI - Porto Oriental;21
2024-07-10;ARS Norte;ACES Grande Porto VI - Porto Oriental;22
2024-07-12;ARS Norte;ACES Grande Porto VI - Porto Oriental;11
2024-07-13;ARS Norte;ACES Grande Porto VI - Porto Oriental;6
2024-07-15;ARS Norte;ACES Grande Porto VI - Porto Oriental;21
2024-07-18;ARS Norte;ACES Grande Porto VI - Porto Oriental;12
2024-07-22;ARS Norte;ACES Grande Porto VI - Porto Oriental;14
2024-07-08;ARS Norte;ACES Grande Porto VII - Gaia;31
2024-07-09;ARS Norte;ACES Grande Porto VII - Gaia;33
2024-07-15;ARS Norte;ACES Grande Porto VII - Gaia;21
2024-07-08;ARS Norte;ACES Grande Porto VIII - Espinho / Gaia;41
2024-07-10;ARS Norte;ACES Grande Porto VIII - Espinho / Gaia;40
2024-07-12;ARS Norte;ACES Grande Porto VIII - Espinho / Gaia;31
2024-07-14;ARS Norte;ACES Grande Porto VIII - Espinho / Gaia;18
2024-07-15;ARS Norte;ACES Grande Porto VIII - Espinho / Gaia;29
2024-07-21;ARS Norte;ACES Grande Porto VIII - Espinho / Gaia;9
2024-07-09;ARS Norte;ACES Matosinhos;24
2024-07-10;ARS Norte;ACES Matosinhos;32
2024-07-17;ARS Norte;ACES Matosinhos;22
2024-07-09;ARS Norte;ACES Tâmega I - Baixo Tâmega;27
2024-07-13;ARS Norte;ACES Tâmega I - Baixo Tâmega;9
2024-07-16;ARS Norte;ACES Tâmega I - Baixo Tâmega;30
2024-07-17;ARS Norte;ACES Tâmega I - Baixo Tâmega;25
2024-07-18;ARS Norte;ACES Tâmega I - Baixo Tâmega;26
2024-07-19;ARS Norte;ACES Tâmega I - Baixo Tâmega;24
2024-07-11;ARS Norte;ACES Tâmega II - Vale do Sousa Sul;29
2024-07-16;ARS Norte;ACES Tâmega II - Vale do Sousa Sul;36
2024-07-18;ARS Norte;ACES Tâmega II - Vale do Sousa Sul;33
2024-07-17;ARS Norte;ACES Tâmega III - Vale do Sousa Norte;34
2024-07-08;ARS Norte;Grupo | Postos Empresa | ARSN;1
2024-07-10;ARS Norte;Grupo | Postos Empresa | ARSN;1
2024-07-22;ARS Norte;Grupo | Postos Empresa | ARSN;1
2024-07-13;IASAÚDE Madeira;Centro de Saúde Dr. Francisco Rodrigues Jardim (ACES Madeira);2
2024-07-16;IASAÚDE Madeira;Centro de Saúde Dr. Francisco Rodrigues Jardim (ACES Madeira);1
2024-07-18;IASAÚDE Madeira;Centro de Saúde Dr. Francisco Rodrigues Jardim (ACES Madeira);1
2024-07-10;IASAÚDE Madeira;Centro de Saúde Zona Leste (ACES Madeira);2
2024-07-14;IASAÚDE Madeira;Centro de Saúde Zona Leste (ACES Madeira);3
2024-07-19;IASAÚDE Madeira;Centro de Saúde Zona Leste (ACES Madeira);3
2024-07-21;IASAÚDE Madeira;Centro de Saúde Zona Leste (ACES Madeira);1
2024-07-22;IASAÚDE Madeira;Centro de Saúde Zona Leste (ACES Madeira);3
2024-07-19;IASAÚDE Madeira;Centro de Saúde de Câmara de Lobos (ACES Madeira);1
2024-07-10;IASAÚDE Madeira;Centro de Saúde de Santa Cruz (ACES Madeira);3
2024-07-16;IASAÚDE Madeira;Centro de Saúde de Santa Cruz (ACES Madeira);1
2024-07-17;IASAÚDE Madeira;Centro de Saúde de Santa Cruz (ACES Madeira);2
2024-07-21;IASAÚDE Madeira;Centro de Saúde de Santa Cruz (ACES Madeira);1
2024-07-08;IASAÚDE Madeira;Centro de Saúde do Funchal Zona I (ACES Madeira);7
2024-07-15;IASAÚDE Madeira;Centro de Saúde do Funchal Zona I (ACES Madeira);9
2024-07-20;IASAÚDE Madeira;Centro de Saúde do Funchal Zona I (ACES Madeira);2
2024-07-21;IASAÚDE Madeira;Centro de Saúde do Funchal Zona I (ACES Madeira);2
2024-07-22;IASAÚDE Madeira;Centro de Saúde do Funchal Zona I (ACES Madeira);2
2024-07-10;IASAÚDE Madeira;Centro de Saúde do Funchal Zona II (ACES Madeira);6
2024-07-14;IASAÚDE Madeira;Centro de Saúde do Funchal Zona II (ACES Madeira);1
2024-07-15;IASAÚDE Madeira;Centro de Saúde do Funchal Zona II (ACES Madeira);8
2024-07-16;IASAÚDE Madeira;Centro de Saúde do Funchal Zona II (ACES Madeira);3
2024-07-08;Madeira;Madeira;28
2024-07-20;Madeira;Madeira;7
2024-07-22;Madeira;Madeira;22
2024-07-10;SRS Açores;Unidade de Saúde da Ilha Terceira;10
2024-07-14;SRS Açores;Unidade de Saúde da Ilha Terceira;3
2024-07-18;SRS Açores;Unidade de Saúde da Ilha Terceira;3
2024-07-08;SRS Açores;Unidade de Saúde da Ilha das Flores;1
2024-07-11;SRS Açores;Unidade de Saúde da Ilha de São Jorge;1
2024-07-12;SRS Açores;Unidade de Saúde da Ilha do Pico;1
2024-07-13;ARS Alentejo;ACES Alentejo Litoral;2
2024-07-17;ARS Alentejo;ACES Alentejo Litoral;14
2024-07-21;ARS Alentejo;ACES Alentejo Litoral;4
2024-07-11;ARS Alentejo;ACES Baixo Alentejo;25
2024-07-18;ARS Alentejo;ACES Baixo Alentejo;9
2024-07-08;ARS Alentejo;ACES São Mamede;16
2024-07-11;ARS Alentejo;ACES São Mamede;23
2024-07-19;ARS Algarve;ACES Algarve I - Algarve Central;28
2024-07-20;ARS Algarve;ACES Algarve I - Algarve Central;17
2024-07-09;ARS Algarve;ACES Algarve II - Algarve Barlavento;33
2024-07-15;ARS Algarve;ACES Algarve II - Algarve Barlavento;29
2024-07-18;ARS Algarve;ACES Algarve II - Algarve Barlavento;25
2024-07-19;ARS Algarve;ACES Algarve II - Algarve Barlavento;16
2024-07-21;ARS Algarve;ACES Algarve II - Algarve Barlavento;11
2024-07-09;ARS Algarve;ACES Algarve III - Algarve Sotavento;8
2024-07-12;ARS Algarve;ACES Algarve III - Algarve Sotavento;17
2024-07-21;ARS Algarve;ACES Algarve III - Algarve Sotavento;2
2024-07-08;ARS Centro;ACES Baixo Mondego;53
2024-07-09;ARS Centro;ACES Baixo Mondego;53
2024-07-20;ARS Centro;ACES Baixo Mondego;24
2024-07-21;ARS Centro;ACES Baixo Mondego;20
2024-07-08;ARS Centro;ACES Baixo Vouga;57
2024-07-10;ARS Centro;ACES Baixo Vouga;63
2024-07-16;ARS Centro;ACES Baixo Vouga;79
2024-07-09;ARS Centro;ACES Beira Interior Sul;7
2024-07-08;ARS Centro;ACES Cova da Beira;8
2024-07-09;ARS Centro;ACES Cova da Beira;13
2024-07-21;ARS Centro;ACES Dão Lafões;14
2024-07-09;ARS Centro;ACES Guarda;9
2024-07-11;ARS Centro;ACES Guarda;15
2024-07-12;ARS Centro;ACES Guarda;12
2024-07-13;ARS Centro;ACES Guarda;2
2024-07-22;ARS Centro;ACES Guarda;22
2024-07-13;ARS Centro;ACES Pinhal Interior Norte;8
2024-07-16;ARS Centro;ACES Pinhal Interior Norte;18
2024-07-08;ARS Centro;ACES Pinhal Litoral;34
2024-07-15;ARS Centro;ACES Pinhal Litoral;33
2024-07-17;ARS Centro;ACES Pinhal Litoral;27
2024-07-19;ARS Lisboa e Vale do Tejo;ACES Almada / Seixal;34
2024-07-10;ARS Lisboa e Vale do Tejo;ACES Amadora;28
2024-07-14;ARS Lisboa e Vale do Tejo;ACES Amadora;11
2024-07-08;ARS Lisboa e Vale do Tejo;ACES Arco Ribeirinho;37
2024-07-09;ARS Lisboa e Vale do Tejo;ACES Arco Ribeirinho;40
2024-07-12;ARS Lisboa e Vale do Tejo;ACES Arco Ribeirinho;30
2024-07-17;ARS Lisboa e Vale do Tejo;ACES Arco Ribeirinho;43
2024-07-19;ARS Lisboa e Vale do Tejo;ACES Arco Ribeirinho;22
2024-07-11;ARS Lisboa e Vale do Tejo;ACES Arrábida;32
2024-07-13;ARS Lisboa e Vale do Tejo;ACES Arrábida;7
2024-07-14;ARS Lisboa e Vale do Tejo;ACES Arrábida;11
2024-07-18;ARS Lisboa e Vale do Tejo;ACES Arrábida;30
2024-07-10;ARS Lisboa e Vale do Tejo;ACES Cascais;37
2024-07-16;ARS Lisboa e Vale do Tejo;ACES Cascais;40
2024-07-18;ARS Lisboa e Vale do Tejo;ACES Cascais;47
2024-07-09;ARS Lisboa e Vale do Tejo;ACES Estuário do Tejo;29
2024-07-20;ARS Lisboa e Vale do Tejo;ACES Estuário do Tejo;7
2024-07-08;ARS Lisboa e Vale do Tejo;ACES Lezíria;30
2024-07-12;ARS Lisboa e Vale do Tejo;ACES Lezíria;29
2024-07-15;ARS Lisboa e Vale do Tejo;ACES Lezíria;27
2024-07-17;ARS Lisboa e Vale do Tejo;ACES Lezíria;41
2024-07-22;ARS Lisboa e Vale do Tejo;ACES Lezíria;31
2024-07-09;ARS Lisboa e Vale do Tejo;ACES Lisboa Central;39
2024-07-16;ARS Lisboa e Vale do Tejo;ACES Lisboa Central;47
2024-07-09;ARS Lisboa e Vale do Tejo;ACES Lisboa Norte;29
2024-07-22;ARS Lisboa e Vale do Tejo;ACES Lisboa Norte;27
2024-07-17;ARS Lisboa e Vale do Tejo;ACES Loures / Odivelas;43
2024-07-21;ARS Lisboa e Vale do Tejo;ACES Loures / Odivelas;25
2024-07-12;ARS Lisboa e Vale do Tejo;ACES Médio Tejo;29
2024-07-16;ARS Lisboa e Vale do Tejo;ACES Médio Tejo;34
2024-07-18;ARS Lisboa e Vale do Tejo;ACES Médio Tejo;29
2024-07-21;ARS Lisboa e Vale do Tejo;ACES Médio Tejo;12
2024-07-10;ARS Lisboa e Vale do Tejo;ACES Oeste Norte;22
2024-07-10;ARS Lisboa e Vale do Tejo;ACES Oeste Sul;29
2024-07-13;ARS Lisboa e Vale do Tejo;ACES Oeste Sul;11
2024-07-16;ARS Lisboa e Vale do Tejo;ACES Sintra;47
2024-07-22;ARS Lisboa e Vale do Tejo;ACES Sintra;53
2024-07-19;ARS Norte;ACES Alto Ave - Guimarães, Vizela e Terras de Basto;30
2024-07-20;ARS Norte;ACES Alto Ave - Guimarães, Vizela e Terras de Basto;20
2024-07-21;ARS Norte;ACES Alto Ave - Guimarães, Vizela e Terras de Basto;17
2024-07-14;ARS Norte;ACES Alto Minho;13
2024-07-16;ARS Norte;ACES Alto Minho;28
2024-07-17;ARS Norte;ACES Alto Minho;43
2024-07-18;ARS Norte;ACES Alto Minho;24
2024-07-19;ARS Norte;ACES Alto Minho;24
2024-07-08;ARS Norte;ACES Alto Trás-os-Montes - Alto Tâmega e Barroso;10
2024-07-11;ARS Norte;ACES Alto Trás-os-Montes - Alto Tâmega e Barroso;15
2024-07-15;ARS Norte;ACES Alto Trás-os-Montes - Alto Tâmega e Barroso;8
2024-07-11;ARS Norte;ACES Alto Trás-os-Montes - Nordeste;9
2024-07-13;ARS Alentejo;ACES Alentejo Central;9
2024-07-20;ARS Alentejo;ACES Alentejo Central;8
2024-07-11;ARS Alentejo;ACES Alentejo Litoral;10
2024-07-16;ARS Alentejo;ACES Alentejo Litoral;12
2024-07-20;ARS Alentejo;ACES Alentejo Litoral;3
2024-07-12;ARS Alentejo;ACES Baixo Alentejo;15
2024-07-14;ARS Alentejo;ACES São Mamede;3
2024-07-15;ARS Alentejo;ACES São Mamede;19
2024-07-17;ARS Alentejo;ACES São Mamede;15
2024-07-20;ARS Alentejo;ACES São Mamede;4
2024-07-11;ARS Algarve;ACES Algarve I - Algarve Central;28
2024-07-12;ARS Algarve;ACES Algarve I - Algarve Central;34
2024-07-13;ARS Algarve;ACES Algarve I - Algarve Central;16
2024-07-08;ARS Algarve;ACES Algarve II - Algarve Barlavento;22
2024-07-12;ARS Algarve;ACES Algarve II - Algarve Barlavento;24
2024-07-14;ARS Algarve;ACES Algarve III - Algarve Sotavento;1
2024-07-18;ARS Algarve;ACES Algarve III - Algarve Sotavento;9
2024-07-13;ARS Centro;ACES Baixo Mondego;13
2024-07-17;ARS Centro;ACES Baixo Vouga;63
2024-07-10;ARS Centro;ACES Beira Interior Sul;1
2024-07-14;ARS Centro;ACES Beira Interior Sul;1
2024-07-15;ARS Centro;ACES Beira Interior Sul;2
2024-07-17;ARS Centro;ACES Beira Interior Sul;3
2024-07-20;ARS Centro;ACES Beira Interior Sul;1
2024-07-21;ARS Centro;ACES Beira Interior Sul;1
2024-07-11;ARS Centro;ACES Cova da Beira;15
2024-07-14;ARS Centro;ACES Cova da Beira;6
2024-07-18;ARS Centro;ACES Cova da Beira;9
2024-07-08;ARS Centro;ACES Dão Lafões;40
2024-07-14;ARS Centro;ACES Guarda;1
2024-07-18;ARS Centro;ACES Guarda;19
2024-07-19;ARS Centro;ACES Guarda;7
2024-07-11;ARS Centro;ACES Pinhal Interior Norte;15
2024-07-15;ARS Centro;ACES Pinhal Interior Norte;15
2024-07-17;ARS Centro;ACES Pinhal Interior Norte;17
2024-07-18;ARS Centro;ACES Pinhal Interior Norte;9
2024-07-09;ARS Centro;ACES Pinhal Litoral;30
2024-07-21;ARS Centro;ACES Pinhal Litoral;6
2024-07-22;ARS Centro;ACES Pinhal Litoral;25
2024-07-08;ARS Lisboa e Vale do Tejo;ACES Almada / Seixal;64
2024-07-09;ARS Lisboa e Vale do Tejo;ACES Almada / Seixal;43
2024-07-14;ARS Lisboa e Vale do Tejo;ACES Almada / Seixal;18
2024-07-18;ARS Lisboa e Vale do Tejo;ACES Almada / Seixal;50
2024-07-20;ARS Lisboa e Vale do Tejo;ACES Almada / Seixal;15
2024-07-21;ARS Lisboa e Vale do Tejo;ACES Almada / Seixal;9
2024-07-09;ARS Lisboa e Vale do Tejo;ACES Amadora;33
2024-07-11;ARS Lisboa e Vale do Tejo;ACES Amadora;22
2024-07-12;ARS Lisboa e Vale do Tejo;ACES Amadora;15
2024-07-15;ARS Lisboa e Vale do Tejo;ACES Amadora;26
2024-07-18;ARS Lisboa e Vale do Tejo;ACES Amadora;25
2024-07-10;ARS Lisboa e Vale do Tejo;ACES Arco Ribeirinho;34
2024-07-13;ARS Lisboa e Vale do Tejo;ACES Arco Ribeirinho;12
2024-07-14;ARS Lisboa e Vale do Tejo;ACES Arco Ribeirinho;7
2024-07-15;ARS Lisboa e Vale do Tejo;ACES Arco Ribeirinho;42
2024-07-20;ARS Lisboa e Vale do Tejo;ACES Arco Ribeirinho;17
2024-07-08;ARS Lisboa e Vale do Tejo;ACES Arrábida;35
2024-07-16;ARS Lisboa e Vale do Tejo;ACES Arrábida;31
2024-07-19;ARS Lisboa e Vale do Tejo;ACES Arrábida;20
2024-07-13;ARS Lisboa e Vale do Tejo;ACES Cascais;10
2024-07-19;ARS Lisboa e Vale do Tejo;ACES Cascais;19
2024-07-21;ARS Lisboa e Vale do Tejo;ACES Cascais;9
2024-07-22;ARS Lisboa e Vale do Tejo;ACES Cascais;36
2024-07-08;ARS Lisboa e Vale do Tejo;ACES Estuário do Tejo;35
2024-07-14;ARS Lisboa e Vale do Tejo;ACES Estuário do Tejo;15
2024-07-18;ARS Lisboa e Vale do Tejo;ACES Estuário do Tejo;30
2024-07-19;ARS Lisboa e Vale do Tejo;ACES Estuário do Tejo;22
2024-07-22;ARS Lisboa e Vale do Tejo;ACES Estuário do Tejo;43
2024-07-09;ARS Lisboa e Vale do Tejo;ACES Lezíria;36
2024-07-11;ARS Lisboa e Vale do Tejo;ACES Lezíria;41
2024-07-14;ARS Lisboa e Vale do Tejo;ACES Lezíria;6
2024-07-18;ARS Lisboa e Vale do Tejo;ACES Lezíria;32
2024-07-19;ARS Lisboa e Vale do Tejo;ACES Lezíria;24
2024-07-14;ARS Lisboa e Vale do Tejo;ACES Lisboa Central;14
2024-07-15;ARS Lisboa e Vale do Tejo;ACES Lisboa Central;51
2024-07-18;ARS Lisboa e Vale do Tejo;ACES Lisboa Central;56
2024-07-21;ARS Lisboa e Vale do Tejo;ACES Lisboa Central;9
2024-07-13;ARS Lisboa e Vale do Tejo;ACES Lisboa Norte;7
2024-07-11;ARS Lisboa e Vale do Tejo;ACES Lisboa Ocidental e Oeiras;34
2024-07-17;ARS Lisboa e Vale do Tejo;ACES Lisboa Ocidental e Oeiras;39
2024-07-10;ARS Lisboa e Vale do Tejo;ACES Loures / Odivelas;60
2024-07-11;ARS Lisboa e Vale do Tejo;ACES Loures / Odivelas;60
2024-07-14;ARS Lisboa e Vale do Tejo;ACES Loures / Odivelas;17
2024-07-15;ARS Lisboa e Vale do Tejo;ACES Loures / Odivelas;61
2024-07-19;ARS Lisboa e Vale do Tejo;ACES Loures / Odivelas;45
2024-07-08;ARS Lisboa e Vale do Tejo;ACES Oeste Norte;42
2024-07-11;ARS Lisboa e Vale do Tejo;ACES Oeste Norte;24
2024-07-14;ARS Lisboa e Vale do Tejo;ACES Oeste Norte;6
2024-07-20;ARS Lisboa e Vale do Tejo;ACES Oeste Norte;10
2024-07-22;ARS Lisboa e Vale do Tejo;ACES Oeste Norte;27
2024-07-12;ARS Lisboa e Vale do Tejo;ACES Oeste Sul;25
2024-07-14;ARS Lisboa e Vale do Tejo;ACES Oeste Sul;7
2024-07-15;ARS Lisboa e Vale do Tejo;ACES Oeste Sul;28
2024-07-16;ARS Lisboa e Vale do Tejo;ACES Oeste Sul;25
2024-07-18;ARS Lisboa e Vale do Tejo;ACES Oeste Sul;19
2024-07-20;ARS Lisboa e Vale do Tejo;ACES Oeste Sul;12
2024-07-21;ARS Lisboa e Vale do Tejo;ACES Oeste Sul;9
2024-07-08;ARS Lisboa e Vale do Tejo;ACES Sintra;59
2024-07-09;ARS Lisboa e Vale do Tejo;ACES Sintra;59
2024-07-12;ARS Lisboa e Vale do Tejo;ACES Sintra;30
2024-07-17;ARS Lisboa e Vale do Tejo;ACES Sintra;57
2024-07-12;ARS Norte;ACES Alto Ave - Guimarães, Vizela e Terras de Basto;18
2024-07-15;ARS Norte;ACES Alto Minho;35
2024-07-20;ARS Norte;ACES Alto Minho;11
2024-07-21;ARS Norte;ACES Alto Minho;10
2024-07-22;ARS Norte;ACES Alto Minho;22
2024-07-08;ARS Norte;ACES Alto Trás-os-Montes - Nordeste;17
2024-07-14;ARS Norte;ACES Alto Trás-os-Montes - Nordeste;1
2024-07-08;ARS Norte;ACES Ave / Famalicão;25
2024-07-11;ARS Norte;ACES Ave / Famalicão;14
2024-07-17;ARS Norte;ACES Ave / Famalicão;23
2024-07-22;ARS Norte;ACES Ave / Famalicão;30
2024-07-08;ARS Norte;ACES Cávado I - Braga;42
2024-07-09;ARS Norte;ACES Cávado II - Gerês / Cabreira;11
2024-07-11;ARS Norte;ACES Cávado II - Gerês / Cabreira;13
2024-07-16;ARS Norte;ACES Cávado II - Gerês / Cabreira;13
2024-07-17;ARS Norte;ACES Cávado II - Gerês / Cabreira;14
2024-07-11;ARS Norte;ACES Cávado III - Barcelos / Esposende;36
2024-07-13;ARS Norte;ACES Cávado III - Barcelos / Esposende;15
2024-07-17;ARS Norte;ACES Cávado III - Barcelos / Esposende;23
2024-07-10;ARS Norte;ACES Douro I - Marão e Douro Norte;12
2024-07-11;ARS Norte;ACES Douro I - Marão e Douro Norte;7
2024-07-12;ARS Norte;ACES Douro I - Marão e Douro Norte;11
2024-07-16;ARS Norte;ACES Douro I - Marão e Douro Norte;10
2024-07-20;ARS Norte;ACES Douro I - Marão e Douro Norte;8
2024-07-21;ARS Norte;ACES Douro I - Marão e Douro Norte;3
2024-07-10;ARS Norte;ACES Douro II - Douro Sul;6
2024-07-15;ARS Norte;ACES Douro II - Douro Sul;8
2024-07-17;ARS Norte;ACES Douro II - Douro Sul;5
2024-07-19;ARS Norte;ACES Douro II - Douro Sul;7
2024-07-12;ARS Norte;ACES Entre Douro e Vouga I - Feira e Arouca;32
2024-07-13;ARS Norte;ACES Entre Douro e Vouga I - Feira e Arouca;15
2024-07-16;ARS Norte;ACES Entre Douro e Vouga I - Feira e Arouca;25
2024-07-18;ARS Norte;ACES Entre Douro e Vouga II - Aveiro Norte;15
2024-07-20;ARS Norte;ACES Entre Douro e Vouga II - Aveiro Norte;6
2024-07-10;ARS Norte;ACES Grande Porto I - Santo Tirso / Trofa;15
2024-07-11;ARS Norte;ACES Grande Porto I - Santo Tirso / Trofa;8
2024-07-17;ARS Norte;ACES Grande Porto I - Santo Tirso / Trofa;17
2024-07-18;ARS Norte;ACES Grande Porto I - Santo Tirso / Trofa;25
2024-07-19;ARS Norte;ACES Grande Porto I - Santo Tirso / Trofa;16
2024-07-10;ARS Norte;ACES Grande Porto II - Gondomar;23
2024-07-12;ARS Norte;ACES Grande Porto II - Gondomar;20
2024-07-16;ARS Norte;ACES Grande Porto II - Gondomar;30
2024-07-17;ARS Norte;ACES Grande Porto II - Gondomar;26
2024-07-20;ARS Norte;ACES Grande Porto II - Gondomar;19
2024-07-22;ARS Norte;ACES Grande Porto II - Gondomar;43
2024-07-09;ARS Norte;ACES Grande Porto III - Maia / Valongo;38
2024-07-10;ARS Norte;ACES Grande Porto III - Maia / Valongo;43
2024-07-12;ARS Norte;ACES Grande Porto III - Maia / Valongo;26
2024-07-17;ARS Norte;ACES Grande Porto III - Maia / Valongo;40
2024-07-13;ARS Norte;ACES Grande Porto V - Porto Ocidental;11
2024-07-14;ARS Norte;ACES Grande Porto V - Porto Ocidental;2
2024-07-19;ARS Norte;ACES Grande Porto V - Porto Ocidental;26
2024-07-11;ARS Norte;ACES Grande Porto VII - Gaia;28
2024-07-22;ARS Norte;ACES Grande Porto VII - Gaia;28
2024-07-09;ARS Norte;ACES Grande Porto VIII - Espinho / Gaia;35
2024-07-16;ARS Norte;ACES Grande Porto VIII - Espinho / Gaia;35
2024-07-18;ARS Norte;ACES Grande Porto VIII - Espinho / Gaia;26
2024-07-22;ARS Norte;ACES Grande Porto VIII - Espinho / Gaia;34
2024-07-16;ARS Norte;ACES Matosinhos;25
2024-07-22;ARS Norte;ACES Matosinhos;43
2024-07-08;ARS Norte;ACES Tâmega I - Baixo Tâmega;21
2024-07-11;ARS Norte;ACES Tâmega I - Baixo Tâmega;25
2024-07-14;ARS Norte;ACES Tâmega I - Baixo Tâmega;10
2024-07-21;ARS Norte;ACES Tâmega I - Baixo Tâmega;10
2024-07-14;ARS Norte;ACES Tâmega II - Vale do Sousa Sul;13
2024-07-21;ARS Norte;ACES Tâmega II - Vale do Sousa Sul;14
2024-07-08;ARS Norte;ACES Tâmega III - Vale do Sousa Norte;24
2024-07-10;ARS Norte;ACES Tâmega III - Vale do Sousa Norte;29
2024-07-14;ARS Norte;ACES Tâmega III - Vale do Sousa Norte;13
2024-07-15;ARS Norte;ACES Tâmega III - Vale do Sousa Norte;28
2024-07-21;ARS Norte;ACES Tâmega III - Vale do Sousa Norte;13
2024-07-21;ARS Norte;Grupo | Postos Empresa | ARSN;1
2024-07-11;IASAÚDE Madeira;Centro de Saúde Dr. Francisco Rodrigues Jardim (ACES Madeira);1
2024-07-17;IASAÚDE Madeira;Centro de Saúde Dr. Francisco Rodrigues Jardim (ACES Madeira);1
2024-07-19;IASAÚDE Madeira;Centro de Saúde Dr. Francisco Rodrigues Jardim (ACES Madeira);1
2024-07-09;IASAÚDE Madeira;Centro de Saúde Zona Leste (ACES Madeira);3
2024-07-16;IASAÚDE Madeira;Centro de Saúde Zona Leste (ACES Madeira);3
2024-07-18;IASAÚDE Madeira;Centro de Saúde Zona Leste (ACES Madeira);5
2024-07-20;IASAÚDE Madeira;Centro de Saúde Zona Leste (ACES Madeira);1
2024-07-08;IASAÚDE Madeira;Centro de Saúde Zona Oeste (ACES Madeira);2
2024-07-12;IASAÚDE Madeira;Centro de Saúde Zona Oeste (ACES Madeira);3
2024-07-19;IASAÚDE Madeira;Centro de Saúde Zona Oeste (ACES Madeira);3
2024-07-22;IASAÚDE Madeira;Centro de Saúde Zona Oeste (ACES Madeira);2
2024-07-09;IASAÚDE Madeira;Centro de Saúde de Santa Cruz (ACES Madeira);3
2024-07-09;IASAÚDE Madeira;Centro de Saúde do Funchal Zona I (ACES Madeira);7
2024-07-11;IASAÚDE Madeira;Centro de Saúde do Funchal Zona I (ACES Madeira);6
2024-07-09;IASAÚDE Madeira;Centro de Saúde do Funchal Zona II (ACES Madeira);6
2024-07-12;IASAÚDE Madeira;Centro de Saúde do Funchal Zona II (ACES Madeira);5
2024-07-22;IASAÚDE Madeira;Centro de Saúde do Funchal Zona II (ACES Madeira);10
2024-07-11;Madeira;Madeira;33
2024-07-13;Madeira;Madeira;13
2024-07-19;Madeira;Madeira;16
2024-07-09;SRS Açores;Unidade de Saúde da Ilha Graciosa;1
2024-07-08;SRS Açores;Unidade de Saúde da Ilha Terceira;2
2024-07-09;SRS Açores;Unidade de Saúde da Ilha Terceira;7
2024-07-11;SRS Açores;Unidade de Saúde da Ilha Terceira;3
2024-07-20;SRS Açores;Unidade de Saúde da Ilha Terceira;1
2024-07-17;SRS Açores;Unidade de Saúde da Ilha de Santa Maria;1
2024-07-20;SRS Açores;Unidade de Saúde da Ilha de São Miguel;3
2024-07-22;SRS Açores;Unidade de Saúde da Ilha de São Miguel;8
2024-07-18;SRS Açores;Unidade de Saúde da Ilha do Faial;3
2024-07-17;SRS Açores;Unidade de Saúde da Ilha do Pico;1
2024-07-09;ARS Alentejo;ACES Alentejo Central;22
2024-07-10;ARS Alentejo;ACES Alentejo Central;32
2024-07-15;ARS Alentejo;ACES Alentejo Central;30
2024-07-16;ARS Alentejo;ACES Alentejo Central;20
2024-07-17;ARS Alentejo;ACES Alentejo Central;18
2024-07-22;ARS Alentejo;ACES Alentejo Central;13
2024-07-12;ARS Alentejo;ACES Alentejo Litoral;17
2024-07-18;ARS Alentejo;ACES Alentejo Litoral;13
2024-07-09;ARS Alentejo;ACES Baixo Alentejo;23
2024-07-13;ARS Alentejo;ACES Baixo Alentejo;6
2024-07-17;ARS Alentejo;ACES Baixo Alentejo;14
2024-07-19;ARS Alentejo;ACES Baixo Alentejo;12
2024-07-20;ARS Alentejo;ACES Baixo Alentejo;4
2024-07-22;ARS Alentejo;ACES Baixo Alentejo;13
2024-07-10;ARS Alentejo;ACES São Mamede;16
2024-07-12;ARS Alentejo;ACES São Mamede;11
2024-07-22;ARS Alentejo;ACES São Mamede;13
2024-07-15;ARS Algarve;ACES Algarve I - Algarve Central;31
2024-07-10;ARS Algarve;ACES Algarve II - Algarve Barlavento;27
2024-07-14;ARS Algarve;ACES Algarve II - Algarve Barlavento;11
2024-07-16;ARS Algarve;ACES Algarve II - Algarve Barlavento;26
2024-07-17;ARS Algarve;ACES Algarve II - Algarve Barlavento;16
2024-07-20;ARS Algarve;ACES Algarve II - Algarve Barlavento;7
2024-07-22;ARS Algarve;ACES Algarve II - Algarve Barlavento;27
2024-07-10;ARS Algarve;ACES Algarve III - Algarve Sotavento;8
2024-07-17;ARS Algarve;ACES Algarve III - Algarve Sotavento;15
2024-07-10;ARS Centro;ACES Baixo Mondego;42
2024-07-15;ARS Centro;ACES Baixo Mondego;41
2024-07-18;ARS Centro;ACES Baixo Mondego;42
2024-07-22;ARS Centro;ACES Baixo Mondego;52
2024-07-11;ARS Centro;ACES Baixo Vouga;45
2024-07-13;ARS Centro;ACES Baixo Vouga;17
2024-07-20;ARS Centro;ACES Baixo Vouga;13
2024-07-21;ARS Centro;ACES Baixo Vouga;9
2024-07-08;ARS Centro;ACES Beira Interior Sul;1
2024-07-12;ARS Centro;ACES Beira Interior Sul;1
2024-07-20;ARS Centro;ACES Cova da Beira;4
2024-07-22;ARS Centro;ACES Cova da Beira;11
2024-07-10;ARS Centro;ACES Dão Lafões;48
2024-07-11;ARS Centro;ACES Dão Lafões;39
2024-07-12;ARS Centro;ACES Dão Lafões;43
2024-07-16;ARS Centro;ACES Dão Lafões;49
2024-07-15;ARS Centro;ACES Guarda;26
2024-07-12;ARS Centro;ACES Pinhal Interior Norte;14
2024-07-14;ARS Centro;ACES Pinhal Interior Norte;5
2024-07-21;ARS Centro;ACES Pinhal Interior Norte;1
2024-07-12;ARS Centro;ACES Pinhal Litoral;25
2024-07-14;ARS Centro;ACES Pinhal Litoral;7
2024-07-16;ARS Centro;ACES Pinhal Litoral;38
2024-07-18;ARS Centro;ACES Pinhal Litoral;35
2024-07-10;ARS Lisboa e Vale do Tejo;ACES Almada / Seixal;50
2024-07-15;ARS Lisboa e Vale do Tejo;ACES Almada / Seixal;44
2024-07-17;ARS Lisboa e Vale do Tejo;ACES Almada / Seixal;67
2024-07-08;ARS Lisboa e Vale do Tejo;ACES Amadora;28
2024-07-13;ARS Lisboa e Vale do Tejo;ACES Amadora;7
2024-07-20;ARS Lisboa e Vale do Tejo;ACES Amadora;8
2024-07-18;ARS Lisboa e Vale do Tejo;ACES Arco Ribeirinho;25
2024-07-22;ARS Lisboa e Vale do Tejo;ACES Arco Ribeirinho;31
2024-07-17;ARS Lisboa e Vale do Tejo;ACES Arrábida;42
2024-07-20;ARS Lisboa e Vale do Tejo;ACES Arrábida;11
2024-07-12;ARS Lisboa e Vale do Tejo;ACES Cascais;31
2024-07-17;ARS Lisboa e Vale do Tejo;ACES Cascais;34
2024-07-20;ARS Lisboa e Vale do Tejo;ACES Cascais;10
2024-07-10;ARS Lisboa e Vale do Tejo;ACES Estuário do Tejo;29
2024-07-15;ARS Lisboa e Vale do Tejo;ACES Estuário do Tejo;35
2024-07-16;ARS Lisboa e Vale do Tejo;ACES Estuário do Tejo;29
2024-07-10;ARS Lisboa e Vale do Tejo;ACES Lezíria;27
2024-07-13;ARS Lisboa e Vale do Tejo;ACES Lezíria;15
2024-07-20;ARS Lisboa e Vale do Tejo;ACES Lezíria;10
2024-07-08;ARS Lisboa e Vale do Tejo;ACES Lisboa Central;39
2024-07-10;ARS Lisboa e Vale do Tejo;ACES Lisboa Central;52
2024-07-11;ARS Lisboa e Vale do Tejo;ACES Lisboa Central;44
2024-07-12;ARS Lisboa e Vale do Tejo;ACES Lisboa Central;29
2024-07-13;ARS Lisboa e Vale do Tejo;ACES Lisboa Central;12
2024-07-17;ARS Lisboa e Vale do Tejo;ACES Lisboa Central;45
2024-07-19;ARS Lisboa e Vale do Tejo;ACES Lisboa Central;34
2024-07-15;ARS Lisboa e Vale do Tejo;ACES Lisboa Norte;32
2024-07-18;ARS Lisboa e Vale do Tejo;ACES Lisboa Norte;21
2024-07-20;ARS Lisboa e Vale do Tejo;ACES Lisboa Norte;10
2024-07-21;ARS Lisboa e Vale do Tejo;ACES Lisboa Norte;14
2024-07-08;ARS Lisboa e Vale do Tejo;ACES Lisboa Ocidental e Oeiras;44
2024-07-10;ARS Lisboa e Vale do Tejo;ACES Lisboa Ocidental e Oeiras;28
2024-07-13;ARS Lisboa e Vale do Tejo;ACES Lisboa Ocidental e Oeiras;6
2024-07-15;ARS Lisboa e Vale do Tejo;ACES Lisboa Ocidental e Oeiras;32
2024-07-18;ARS Lisboa e Vale do Tejo;ACES Lisboa Ocidental e Oeiras;36
2024-07-19;ARS Lisboa e Vale do Tejo;ACES Lisboa Ocidental e Oeiras;27
2024-07-22;ARS Lisboa e Vale do Tejo;ACES Lisboa Ocidental e Oeiras;32
2024-07-08;ARS Lisboa e Vale do Tejo;ACES Loures / Odivelas;63
2024-07-16;ARS Lisboa e Vale do Tejo;ACES Loures / Odivelas;65
2024-07-09;ARS Lisboa e Vale do Tejo;ACES Médio Tejo;34
2024-07-10;ARS Lisboa e Vale do Tejo;ACES Médio Tejo;25
2024-07-11;ARS Lisboa e Vale do Tejo;ACES Médio Tejo;47
2024-07-13;ARS Lisboa e Vale do Tejo;ACES Médio Tejo;8
2024-07-14;ARS Lisboa e Vale do Tejo;ACES Médio Tejo;11
2024-07-19;ARS Lisboa e Vale do Tejo;ACES Médio Tejo;32
2024-07-09;ARS Lisboa e Vale do Tejo;ACES Oeste Norte;38
2024-07-15;ARS Lisboa e Vale do Tejo;ACES Oeste Norte;33
2024-07-09;ARS Lisboa e Vale do Tejo;ACES Oeste Sul;24
2024-07-11;ARS Lisboa e Vale do Tejo;ACES Oeste Sul;33
2024-07-22;ARS Lisboa e Vale do Tejo;ACES Oeste Sul;26
2024-07-10;ARS Lisboa e Vale do Tejo;ACES Sintra;49
2024-07-11;ARS Lisboa e Vale do Tejo;ACES Sintra;59
2024-07-20;ARS Lisboa e Vale do Tejo;ACES Sintra;13
2024-07-09;ARS Norte;ACES Alto Ave - Guimarães, Vizela e Terras de Basto;35
2024-07-10;ARS Norte;ACES Alto Ave - Guimarães, Vizela e Terras de Basto;34
2024-07-13;ARS Norte;ACES Alto Ave - Guimarães, Vizela e Terras de Basto;9
2024-07-08;ARS Norte;ACES Alto Minho;49
2024-07-11;ARS Norte;ACES Alto Minho;20
2024-07-12;ARS Norte;ACES Alto Minho;25
2024-07-09;ARS Norte;ACES Alto Trás-os-Montes - Alto Tâmega e Barroso;11
2024-07-19;ARS Norte;ACES Alto Trás-os-Montes - Alto Tâmega e Barroso;7
2024-07-22;ARS Norte;ACES Alto Trás-os-Montes - Alto Tâmega e Barroso;13
2024-07-12;ARS Norte;ACES Alto Trás-os-Montes - Nordeste;9
2024-07-13;ARS Norte;ACES Alto Trás-os-Montes - Nordeste;14
2024-07-17;ARS Norte;ACES Alto Trás-os-Montes - Nordeste;12
2024-07-21;ARS Norte;ACES Alto Trás-os-Montes - Nordeste;8
2024-07-22;ARS Norte;ACES Alto Trás-os-Montes - Nordeste;16
2024-07-09;ARS Norte;ACES Ave / Famalicão;26
2024-07-10;ARS Norte;ACES Ave / Famalicão;18
2024-07-13;ARS Norte;ACES Ave / Famalicão;6
2024-07-18;ARS Norte;ACES Ave / Famalicão;18
2024-07-14;ARS Norte;ACES Cávado I - Braga;15
2024-07-22;ARS Norte;ACES Cávado I - Braga;45
2024-07-18;ARS Norte;ACES Cávado II - Gerês / Cabreira;12
2024-07-21;ARS Norte;ACES Cávado III - Barcelos / Esposende;14
2024-07-08;ARS Norte;ACES Douro I - Marão e Douro Norte;20
2024-07-13;ARS Norte;ACES Douro I - Marão e Douro Norte;5
2024-07-18;ARS Norte;ACES Douro I - Marão e Douro Norte;18
2024-07-09;ARS Norte;ACES Douro II - Douro Sul;7
2024-07-13;ARS Norte;ACES Douro II - Douro Sul;2
2024-07-16;ARS Norte;ACES Douro II - Douro Sul;6
2024-07-21;ARS Norte;ACES Douro II - Douro Sul;3
2024-07-22;ARS Norte;ACES Douro II - Douro Sul;5
2024-07-10;ARS Norte;ACES Entre Douro e Vouga I - Feira e Arouca;35
2024-07-11;ARS Norte;ACES Entre Douro e Vouga I - Feira e Arouca;35
2024-07-15;ARS Norte;ACES Entre Douro e Vouga I - Feira e Arouca;29
2024-07-17;ARS Norte;ACES Entre Douro e Vouga I - Feira e Arouca;31
2024-07-22;ARS Norte;ACES Entre Douro e Vouga I - Feira e Arouca;41
2024-07-08;ARS Norte;ACES Entre Douro e Vouga II - Aveiro Norte;24
2024-07-11;ARS Norte;ACES Entre Douro e Vouga II - Aveiro Norte;22
2024-07-14;ARS Norte;ACES Entre Douro e Vouga II - Aveiro Norte;5
2024-07-19;ARS Norte;ACES Entre Douro e Vouga II - Aveiro Norte;19
2024-07-13;ARS Norte;ACES Grande Porto I - Santo Tirso / Trofa;9
2024-07-14;ARS Norte;ACES Grande Porto I - Santo Tirso / Trofa;6
2024-07-09;ARS Norte;ACES Grande Porto II - Gondomar;18
2024-07-18;ARS Norte;ACES Grande Porto II - Gondomar;22
2024-07-21;ARS Norte;ACES Grande Porto II - Gondomar;6
2024-07-11;ARS Norte;ACES Grande Porto III - Maia / Valongo;44
2024-07-13;ARS Norte;ACES Grande Porto III - Maia / Valongo;20
2024-07-16;ARS Norte;ACES Grande Porto III - Maia / Valongo;28
2024-07-21;ARS Norte;ACES Grande Porto III - Maia / Valongo;16
2024-07-08;ARS Norte;ACES Grande Porto IV - Póvoa do Varzim / Vila do Conde;35
2024-07-14;ARS Norte;ACES Grande Porto IV - Póvoa do Varzim / Vila do Conde;15
2024-07-16;ARS Norte;ACES Grande Porto IV - Póvoa do Varzim / Vila do Conde;32
2024-07-08;ARS Norte;ACES Grande Porto V - Porto Ocidental;33
2024-07-09;ARS Norte;ACES Grande Porto V - Porto Ocidental;28
2024-07-10;ARS Norte;ACES Grande Porto V - Porto Ocidental;47
2024-07-11;ARS Norte;ACES Grande Porto V - Porto Ocidental;31
2024-07-12;ARS Norte;ACES Grande Porto V - Porto Ocidental;35
2024-07-15;ARS Norte;ACES Grande Porto V - Porto Ocidental;34
2024-07-21;ARS Norte;ACES Grande Porto V - Porto Ocidental;12
2024-07-19;ARS Norte;ACES Grande Porto VI - Porto Oriental;14
2024-07-20;ARS Norte;ACES Grande Porto VI - Porto Oriental;10
2024-07-12;ARS Norte;ACES Grande Porto VII - Gaia;23
2024-07-13;ARS Norte;ACES Grande Porto VII - Gaia;14
2024-07-14;ARS Norte;ACES Grande Porto VII - Gaia;10
2024-07-17;ARS Norte;ACES Grande Porto VII - Gaia;33
2024-07-21;ARS Norte;ACES Grande Porto VII - Gaia;5
2024-07-08;ARS Norte;ACES Matosinhos;27
2024-07-11;ARS Norte;ACES Matosinhos;27
2024-07-14;ARS Norte;ACES Matosinhos;10
2024-07-18;ARS Norte;ACES Matosinhos;33
2024-07-19;ARS Norte;ACES Matosinhos;25
2024-07-12;ARS Norte;ACES Tâmega I - Baixo Tâmega;26
2024-07-09;ARS Norte;ACES Tâmega II - Vale do Sousa Sul;44
2024-07-12;ARS Norte;ACES Tâmega II - Vale do Sousa Sul;24
2024-07-13;ARS Norte;ACES Tâmega II - Vale do Sousa Sul;17
2024-07-19;ARS Norte;ACES Tâmega II - Vale do Sousa Sul;25
2024-07-20;ARS Norte;ACES Tâmega II - Vale do Sousa Sul;18
2024-07-22;ARS Norte;ACES Tâmega II - Vale do Sousa Sul;20
2024-07-09;ARS Norte;ACES Tâmega III - Vale do Sousa Norte;30
2024-07-12;ARS Norte;ACES Tâmega III - Vale do Sousa Norte;25
2024-07-16;ARS Norte;ACES Tâmega III - Vale do Sousa Norte;20
2024-07-13;ARS Norte;Grupo | Postos Empresa | ARSN;1
2024-07-08;IASAÚDE Madeira;Centro de Saúde Dr. Francisco Rodrigues Jardim (ACES Madeira);2
2024-07-12;IASAÚDE Madeira;Centro de Saúde Zona Leste (ACES Madeira);1
2024-07-15;IASAÚDE Madeira;Centro de Saúde Zona Leste (ACES Madeira);4
2024-07-17;IASAÚDE Madeira;Centro de Saúde Zona Leste (ACES Madeira);1
2024-07-10;IASAÚDE Madeira;Centro de Saúde Zona Oeste (ACES Madeira);3
2024-07-11;IASAÚDE Madeira;Centro de Saúde Zona Oeste (ACES Madeira);6
2024-07-20;IASAÚDE Madeira;Centro de Saúde Zona Oeste (ACES Madeira);2
2024-07-10;IASAÚDE Madeira;Centro de Saúde de Câmara de Lobos (ACES Madeira);5
2024-07-12;IASAÚDE Madeira;Centro de Saúde de Câmara de Lobos (ACES Madeira);3
2024-07-18;IASAÚDE Madeira;Centro de Saúde de Câmara de Lobos (ACES Madeira);2
2024-07-20;IASAÚDE Madeira;Centro de Saúde de Câmara de Lobos (ACES Madeira);1
2024-07-14;IASAÚDE Madeira;Centro de Saúde de Santa Cruz (ACES Madeira);2
2024-07-15;IASAÚDE Madeira;Centro de Saúde de Santa Cruz (ACES Madeira);8
2024-07-22;IASAÚDE Madeira;Centro de Saúde de Santa Cruz (ACES Madeira);4
2024-07-10;IASAÚDE Madeira;Centro de Saúde do Funchal Zona I (ACES Madeira);4
2024-07-14;IASAÚDE Madeira;Centro de Saúde do Funchal Zona I (ACES Madeira);3
2024-07-17;IASAÚDE Madeira;Centro de Saúde do Funchal Zona I (ACES Madeira);8
2024-07-19;IASAÚDE Madeira;Centro de Saúde do Funchal Zona I (ACES Madeira);4
2024-07-17;IASAÚDE Madeira;Centro de Saúde do Funchal Zona II (ACES Madeira);7
2024-07-18;IASAÚDE Madeira;Centro de Saúde do Funchal Zona II (ACES Madeira);6
2024-07-19;IASAÚDE Madeira;Centro de Saúde do Funchal Zona II (ACES Madeira);4
2024-07-20;IASAÚDE Madeira;Centro de Saúde do Funchal Zona II (ACES Madeira);1
2024-07-14;Madeira;Madeira;9
2024-07-18;Madeira;Madeira;28
2024-07-15;SRS Açores;Unidade de Saúde da Ilha Graciosa;1
2024-07-12;SRS Açores;Unidade de Saúde da Ilha Terceira;4
2024-07-17;SRS Açores;Unidade de Saúde da Ilha Terceira;3
2024-07-22;SRS Açores;Unidade de Saúde da Ilha Terceira;4
2024-07-16;SRS Açores;Unidade de Saúde da Ilha das Flores;1
2024-07-15;SRS Açores;Unidade de Saúde da Ilha de Santa Maria;3
2024-07-08;SRS Açores;Unidade de Saúde da Ilha de São Miguel;10
2024-07-09;SRS Açores;Unidade de Saúde da Ilha de São Miguel;9
2024-07-10;SRS Açores;Unidade de Saúde da Ilha de São Miguel;5
2024-07-19;SRS Açores;Unidade de Saúde da Ilha de São Miguel;6
2024-07-22;SRS Açores;Unidade de Saúde da Ilha do Faial;2
2024-07-20;ARS Norte;ACES Alto Trás-os-Montes - Nordeste;4
2024-07-14;ARS Norte;ACES Ave / Famalicão;13
2024-07-15;ARS Norte;ACES Ave / Famalicão;24
2024-07-10;ARS Norte;ACES Cávado I - Braga;26
2024-07-12;ARS Norte;ACES Cávado I - Braga;24
2024-07-18;ARS Norte;ACES Cávado I - Braga;29
2024-07-19;ARS Norte;ACES Cávado I - Braga;21
2024-07-08;ARS Norte;ACES Cávado II - Gerês / Cabreira;15
2024-07-19;ARS Norte;ACES Cávado II - Gerês / Cabreira;16
2024-07-22;ARS Norte;ACES Cávado II - Gerês / Cabreira;13
2024-07-09;ARS Norte;ACES Cávado III - Barcelos / Esposende;38
2024-07-10;ARS Norte;ACES Cávado III - Barcelos / Esposende;37
2024-07-22;ARS Norte;ACES Cávado III - Barcelos / Esposende;29
2024-07-19;ARS Norte;ACES Douro I - Marão e Douro Norte;12
2024-07-22;ARS Norte;ACES Douro I - Marão e Douro Norte;9
2024-07-12;ARS Norte;ACES Douro II - Douro Sul;9
2024-07-14;ARS Norte;ACES Douro II - Douro Sul;3
2024-07-18;ARS Norte;ACES Douro II - Douro Sul;11
2024-07-20;ARS Norte;ACES Douro II - Douro Sul;5
2024-07-19;ARS Norte;ACES Entre Douro e Vouga I - Feira e Arouca;22
2024-07-09;ARS Norte;ACES Entre Douro e Vouga II - Aveiro Norte;26
2024-07-12;ARS Norte;ACES Entre Douro e Vouga II - Aveiro Norte;18
2024-07-15;ARS Norte;ACES Entre Douro e Vouga II - Aveiro Norte;28
2024-07-22;ARS Norte;ACES Entre Douro e Vouga II - Aveiro Norte;9
2024-07-09;ARS Norte;ACES Grande Porto I - Santo Tirso / Trofa;18
2024-07-12;ARS Norte;ACES Grande Porto I - Santo Tirso / Trofa;18
2024-07-15;ARS Norte;ACES Grande Porto I - Santo Tirso / Trofa;19
2024-07-16;ARS Norte;ACES Grande Porto I - Santo Tirso / Trofa;26
2024-07-08;ARS Norte;ACES Grande Porto II - Gondomar;24
2024-07-08;ARS Norte;ACES Grande Porto III - Maia / Valongo;38
2024-07-09;ARS Norte;ACES Grande Porto IV - Póvoa do Varzim / Vila do Conde;40
2024-07-11;ARS Norte;ACES Grande Porto IV - Póvoa do Varzim / Vila do Conde;24
2024-07-19;ARS Norte;ACES Grande Porto IV - Póvoa do Varzim / Vila do Conde;26
2024-07-21;ARS Norte;ACES Grande Porto IV - Póvoa do Varzim / Vila do Conde;10
2024-07-22;ARS Norte;ACES Grande Porto IV - Póvoa do Varzim / Vila do Conde;38
2024-07-18;ARS Norte;ACES Grande Porto V - Porto Ocidental;27
2024-07-20;ARS Norte;ACES Grande Porto V - Porto Ocidental;10
2024-07-22;ARS Norte;ACES Grande Porto V - Porto Ocidental;35
2024-07-11;ARS Norte;ACES Grande Porto VI - Porto Oriental;19
2024-07-16;ARS Norte;ACES Grande Porto VI - Porto Oriental;23
2024-07-21;ARS Norte;ACES Grande Porto VI - Porto Oriental;6
2024-07-16;ARS Norte;ACES Grande Porto VII - Gaia;16
2024-07-19;ARS Norte;ACES Grande Porto VII - Gaia;14
2024-07-20;ARS Norte;ACES Grande Porto VII - Gaia;4
2024-07-11;ARS Norte;ACES Grande Porto VIII - Espinho / Gaia;37
2024-07-13;ARS Norte;ACES Grande Porto VIII - Espinho / Gaia;11
2024-07-17;ARS Norte;ACES Grande Porto VIII - Espinho / Gaia;28
2024-07-19;ARS Norte;ACES Grande Porto VIII - Espinho / Gaia;27
2024-07-20;ARS Norte;ACES Grande Porto VIII - Espinho / Gaia;13
2024-07-15;ARS Norte;ACES Matosinhos;35
2024-07-08;ARS Norte;ACES Tâmega II - Vale do Sousa Sul;35
2024-07-13;ARS Norte;ACES Tâmega III - Vale do Sousa Norte;7
2024-07-19;ARS Norte;ACES Tâmega III - Vale do Sousa Norte;22
2024-07-15;ARS Norte;Grupo | Postos Empresa | ARSN;1
2024-07-16;ARS Norte;Grupo | Postos Empresa | ARSN;2
2024-07-20;ARS Norte;Grupo | Postos Empresa | ARSN;1
2024-07-08;IASAÚDE Madeira;Centro de Saúde Zona Leste (ACES Madeira);3
2024-07-11;IASAÚDE Madeira;Centro de Saúde Zona Leste (ACES Madeira);4
2024-07-09;IASAÚDE Madeira;Centro de Saúde Zona Oeste (ACES Madeira);6
2024-07-15;IASAÚDE Madeira;Centro de Saúde Zona Oeste (ACES Madeira);3
2024-07-17;IASAÚDE Madeira;Centro de Saúde Zona Oeste (ACES Madeira);2
2024-07-09;IASAÚDE Madeira;Centro de Saúde de Câmara de Lobos (ACES Madeira);1
2024-07-15;IASAÚDE Madeira;Centro de Saúde de Câmara de Lobos (ACES Madeira);8
2024-07-16;IASAÚDE Madeira;Centro de Saúde de Câmara de Lobos (ACES Madeira);4
2024-07-21;IASAÚDE Madeira;Centro de Saúde de Câmara de Lobos (ACES Madeira);2
2024-07-11;IASAÚDE Madeira;Centro de Saúde de Santa Cruz (ACES Madeira);13
2024-07-12;IASAÚDE Madeira;Centro de Saúde do Funchal Zona I (ACES Madeira);4
2024-07-18;IASAÚDE Madeira;Centro de Saúde do Funchal Zona I (ACES Madeira);5
2024-07-21;IASAÚDE Madeira;Centro de Saúde do Funchal Zona II (ACES Madeira);4
2024-07-09;Madeira;Madeira;27
2024-07-10;Madeira;Madeira;23
2024-07-15;Madeira;Madeira;40
2024-07-21;Madeira;Madeira;10
2024-07-13;SRS Açores;Unidade de Saúde da Ilha Terceira;3
2024-07-16;SRS Açores;Unidade de Saúde da Ilha Terceira;5
2024-07-19;SRS Açores;Unidade de Saúde da Ilha Terceira;1
2024-07-22;SRS Açores;Unidade de Saúde da Ilha das Flores;1
2024-07-09;SRS Açores;Unidade de Saúde da Ilha de Santa Maria;1
2024-07-11;SRS Açores;Unidade de Saúde da Ilha de Santa Maria;3
2024-07-12;SRS Açores;Unidade de Saúde da Ilha de Santa Maria;1
2024-07-15;SRS Açores;Unidade de Saúde da Ilha de São Miguel;9
2024-07-16;SRS Açores;Unidade de Saúde da Ilha de São Miguel;12
2024-07-17;SRS Açores;Unidade de Saúde da Ilha de São Miguel;11
2024-07-21;SRS Açores;Unidade de Saúde da Ilha de São Miguel;4
2024-07-12;SRS Açores;Unidade de Saúde da Ilha do Corvo;1
2024-07-18;SRS Açores;Unidade de Saúde da Ilha do Corvo;1
2024-07-10;SRS Açores;Unidade de Saúde da Ilha do Faial;2
2024-07-12;SRS Açores;Unidade de Saúde da Ilha do Faial;3
2024-07-08;SRS Açores;Unidade de Saúde da Ilha do Pico;2
2024-07-13;SRS Açores;Unidade de Saúde da Ilha do Pico;1
2024-07-19;SRS Açores;Unidade de Saúde da Ilha do Pico;1
2024-07-22;SRS Açores;Unidade de Saúde da Ilha do Pico;1
2024-07-11;ARS Alentejo;ACES Alentejo Central;34
2024-07-12;ARS Alentejo;ACES Alentejo Central;11
2024-07-19;ARS Alentejo;ACES Alentejo Central;25
2024-07-21;ARS Alentejo;ACES Alentejo Central;5
2024-07-10;ARS Alentejo;ACES Alentejo Litoral;9
2024-07-14;ARS Alentejo;ACES Alentejo Litoral;5
2024-07-15;ARS Alentejo;ACES Alentejo Litoral;16
2024-07-19;ARS Alentejo;ACES Alentejo Litoral;10
2024-07-08;ARS Alentejo;ACES Baixo Alentejo;19
2024-07-10;ARS Alentejo;ACES Baixo Alentejo;12
2024-07-16;ARS Alentejo;ACES Baixo Alentejo;14
2024-07-09;ARS Alentejo;ACES São Mamede;16
2024-07-13;ARS Alentejo;ACES São Mamede;8
2024-07-18;ARS Alentejo;ACES São Mamede;14
2024-07-18;ARS Algarve;ACES Algarve I - Algarve Central;40
2024-07-21;ARS Algarve;ACES Algarve I - Algarve Central;3
2024-07-22;ARS Algarve;ACES Algarve I - Algarve Central;34
2024-07-08;ARS Algarve;ACES Algarve III - Algarve Sotavento;6
2024-07-11;ARS Algarve;ACES Algarve III - Algarve Sotavento;7
2024-07-15;ARS Algarve;ACES Algarve III - Algarve Sotavento;12
2024-07-14;ARS Centro;ACES Baixo Mondego;11
2024-07-16;ARS Centro;ACES Baixo Mondego;46
2024-07-12;ARS Centro;ACES Baixo Vouga;47
2024-07-15;ARS Centro;ACES Baixo Vouga;64
2024-07-18;ARS Centro;ACES Baixo Vouga;75
2024-07-22;ARS Centro;ACES Baixo Vouga;57
2024-07-11;ARS Centro;ACES Beira Interior Sul;1
2024-07-13;ARS Centro;ACES Cova da Beira;8
2024-07-15;ARS Centro;ACES Cova da Beira;15
2024-07-19;ARS Centro;ACES Cova da Beira;8
2024-07-09;ARS Centro;ACES Dão Lafões;39
2024-07-13;ARS Centro;ACES Dão Lafões;19
2024-07-14;ARS Centro;ACES Dão Lafões;11
2024-07-15;ARS Centro;ACES Dão Lafões;46
2024-07-18;ARS Centro;ACES Dão Lafões;27
2024-07-20;ARS Centro;ACES Dão Lafões;23
2024-07-08;ARS Centro;ACES Guarda;12
2024-07-16;ARS Centro;ACES Guarda;18
2024-07-17;ARS Centro;ACES Guarda;18
2024-07-20;ARS Centro;ACES Guarda;3
2024-07-21;ARS Centro;ACES Guarda;1
2024-07-08;ARS Centro;ACES Pinhal Interior Norte;24
2024-07-19;ARS Centro;ACES Pinhal Interior Norte;20
2024-07-19;ARS Centro;ACES Pinhal Litoral;27
2024-07-12;ARS Lisboa e Vale do Tejo;ACES Almada / Seixal;41
2024-07-13;ARS Lisboa e Vale do Tejo;ACES Almada / Seixal;20
2024-07-16;ARS Lisboa e Vale do Tejo;ACES Almada / Seixal;54
2024-07-16;ARS Lisboa e Vale do Tejo;ACES Amadora;23
2024-07-17;ARS Lisboa e Vale do Tejo;ACES Amadora;20
2024-07-19;ARS Lisboa e Vale do Tejo;ACES Amadora;17
2024-07-11;ARS Lisboa e Vale do Tejo;ACES Arco Ribeirinho;39
2024-07-21;ARS Lisboa e Vale do Tejo;ACES Arco Ribeirinho;11
2024-07-10;ARS Lisboa e Vale do Tejo;ACES Arrábida;33
2024-07-15;ARS Lisboa e Vale do Tejo;ACES Arrábida;35
2024-07-22;ARS Lisboa e Vale do Tejo;ACES Arrábida;23
2024-07-09;ARS Lisboa e Vale do Tejo;ACES Cascais;33
2024-07-14;ARS Lisboa e Vale do Tejo;ACES Cascais;13
2024-07-15;ARS Lisboa e Vale do Tejo;ACES Cascais;26
2024-07-12;ARS Lisboa e Vale do Tejo;ACES Estuário do Tejo;30
2024-07-13;ARS Lisboa e Vale do Tejo;ACES Estuário do Tejo;7
2024-07-16;ARS Lisboa e Vale do Tejo;ACES Lezíria;41
2024-07-21;ARS Lisboa e Vale do Tejo;ACES Lezíria;13
2024-07-08;ARS Lisboa e Vale do Tejo;ACES Lisboa Norte;25
2024-07-12;ARS Lisboa e Vale do Tejo;ACES Lisboa Norte;25
2024-07-16;ARS Lisboa e Vale do Tejo;ACES Lisboa Norte;30
2024-07-17;ARS Lisboa e Vale do Tejo;ACES Lisboa Norte;23
2024-07-19;ARS Lisboa e Vale do Tejo;ACES Lisboa Norte;28
2024-07-12;ARS Lisboa e Vale do Tejo;ACES Lisboa Ocidental e Oeiras;32
2024-07-21;ARS Lisboa e Vale do Tejo;ACES Lisboa Ocidental e Oeiras;8
2024-07-12;ARS Lisboa e Vale do Tejo;ACES Loures / Odivelas;52
2024-07-22;ARS Lisboa e Vale do Tejo;ACES Loures / Odivelas;57
2024-07-08;ARS Lisboa e Vale do Tejo;ACES Médio Tejo;44
2024-07-20;ARS Lisboa e Vale do Tejo;ACES Médio Tejo;20
2024-07-12;ARS Lisboa e Vale do Tejo;ACES Oeste Norte;25
2024-07-16;ARS Lisboa e Vale do Tejo;ACES Oeste Norte;35
2024-07-17;ARS Lisboa e Vale do Tejo;ACES Oeste Norte;30
2024-07-08;ARS Lisboa e Vale do Tejo;ACES Oeste Sul;33
2024-07-19;ARS Lisboa e Vale do Tejo;ACES Oeste Sul;22
2024-07-13;ARS Lisboa e Vale do Tejo;ACES Sintra;7
2024-07-14;ARS Lisboa e Vale do Tejo;ACES Sintra;19
2024-07-15;ARS Lisboa e Vale do Tejo;ACES Sintra;44
2024-07-18;ARS Lisboa e Vale do Tejo;ACES Sintra;50
2024-07-21;ARS Lisboa e Vale do Tejo;ACES Sintra;14
2024-07-11;ARS Norte;ACES Alto Ave - Guimarães, Vizela e Terras de Basto;34
2024-07-15;ARS Norte;ACES Alto Ave - Guimarães, Vizela e Terras de Basto;58
2024-07-17;ARS Norte;ACES Alto Ave - Guimarães, Vizela e Terras de Basto;37
2024-07-18;ARS Norte;ACES Alto Ave - Guimarães, Vizela e Terras de Basto;39
2024-07-10;ARS Norte;ACES Alto Minho;37
2024-07-13;ARS Norte;ACES Alto Minho;10
2024-07-12;ARS Norte;ACES Alto Trás-os-Montes - Alto Tâmega e Barroso;10
2024-07-16;ARS Norte;ACES Alto Trás-os-Montes - Alto Tâmega e Barroso;8
2024-07-18;ARS Norte;ACES Alto Trás-os-Montes - Alto Tâmega e Barroso;6
2024-07-19;ARS Norte;ACES Alto Trás-os-Montes - Nordeste;8
2024-07-16;ARS Norte;ACES Ave / Famalicão;21
2024-07-19;ARS Norte;ACES Ave / Famalicão;18
2024-07-21;ARS Norte;ACES Ave / Famalicão;6
2024-07-11;ARS Norte;ACES Cávado I - Braga;27
2024-07-13;ARS Norte;ACES Cávado I - Braga;7
2024-07-15;ARS Norte;ACES Cávado I - Braga;35
2024-07-16;ARS Norte;ACES Cávado I - Braga;27
2024-07-21;ARS Norte;ACES Cávado I - Braga;12
2024-07-10;ARS Norte;ACES Cávado II - Gerês / Cabreira;12
2024-07-12;ARS Norte;ACES Cávado II - Gerês / Cabreira;9
2024-07-13;ARS Norte;ACES Cávado II - Gerês / Cabreira;4
2024-07-14;ARS Norte;ACES Cávado II - Gerês / Cabreira;3
2024-07-15;ARS Norte;ACES Cávado II - Gerês / Cabreira;11
2024-07-21;ARS Norte;ACES Cávado II - Gerês / Cabreira;9
2024-07-08;ARS Norte;ACES Cávado III - Barcelos / Esposende;33
2024-07-12;ARS Norte;ACES Cávado III - Barcelos / Esposende;21
2024-07-14;ARS Norte;ACES Cávado III - Barcelos / Esposende;7
2024-07-16;ARS Norte;ACES Cávado III - Barcelos / Esposende;35
2024-07-19;ARS Norte;ACES Cávado III - Barcelos / Esposende;31
2024-07-09;ARS Norte;ACES Douro I - Marão e Douro Norte;20
2024-07-14;ARS Norte;ACES Douro I - Marão e Douro Norte;1
2024-07-15;ARS Norte;ACES Douro I - Marão e Douro Norte;8
2024-07-17;ARS Norte;ACES Douro I - Marão e Douro Norte;16
2024-07-09;ARS Norte;ACES Entre Douro e Vouga I - Feira e Arouca;29
2024-07-18;ARS Norte;ACES Entre Douro e Vouga I - Feira e Arouca;25
2024-07-20;ARS Norte;ACES Entre Douro e Vouga I - Feira e Arouca;11
2024-07-21;ARS Norte;ACES Entre Douro e Vouga I - Feira e Arouca;10
2024-07-10;ARS Norte;ACES Entre Douro e Vouga II - Aveiro Norte;21
2024-07-13;ARS Norte;ACES Entre Douro e Vouga II - Aveiro Norte;2
2024-07-21;ARS Norte;ACES Entre Douro e Vouga II - Aveiro Norte;9
2024-07-20;ARS Norte;ACES Grande Porto I - Santo Tirso / Trofa;9
2024-07-11;ARS Norte;ACES Grande Porto II - Gondomar;26
2024-07-13;ARS Norte;ACES Grande Porto II - Gondomar;11
2024-07-14;ARS Norte;ACES Grande Porto II - Gondomar;11
2024-07-19;ARS Norte;ACES Grande Porto II - Gondomar;26
2024-07-14;ARS Norte;ACES Grande Porto III - Maia / Valongo;11
2024-07-18;ARS Norte;ACES Grande Porto III - Maia / Valongo;48
2024-07-19;ARS Norte;ACES Grande Porto III - Maia / Valongo;34
2024-07-10;ARS Norte;ACES Grande Porto IV - Póvoa do Varzim / Vila do Conde;41
2024-07-15;ARS Norte;ACES Grande Porto IV - Póvoa do Varzim / Vila do Conde;39
2024-07-20;ARS Norte;ACES Grande Porto IV - Póvoa do Varzim / Vila do Conde;11
2024-07-16;ARS Norte;ACES Grande Porto V - Porto Ocidental;24
2024-07-09;ARS Norte;ACES Grande Porto VI - Porto Oriental;28
2024-07-14;ARS Norte;ACES Grande Porto VI - Porto Oriental;6
2024-07-17;ARS Norte;ACES Grande Porto VI - Porto Oriental;18
2024-07-10;ARS Norte;ACES Grande Porto VII - Gaia;27
2024-07-18;ARS Norte;ACES Grande Porto VII - Gaia;15
2024-07-12;ARS Norte;ACES Matosinhos;17
2024-07-13;ARS Norte;ACES Matosinhos;12
2024-07-20;ARS Norte;ACES Matosinhos;13
2024-07-21;ARS Norte;ACES Matosinhos;10
2024-07-10;ARS Norte;ACES Tâmega I - Baixo Tâmega;31
2024-07-15;ARS Norte;ACES Tâmega I - Baixo Tâmega;18
2024-07-20;ARS Norte;ACES Tâmega I - Baixo Tâmega;7
2024-07-22;ARS Norte;ACES Tâmega I - Baixo Tâmega;16
2024-07-10;ARS Norte;ACES Tâmega II - Vale do Sousa Sul;21
2024-07-15;ARS Norte;ACES Tâmega II - Vale do Sousa Sul;32
2024-07-17;ARS Norte;ACES Tâmega II - Vale do Sousa Sul;36
2024-07-11;ARS Norte;ACES Tâmega III - Vale do Sousa Norte;19
2024-07-18;ARS Norte;ACES Tâmega III - Vale do Sousa Norte;31
2024-07-20;ARS Norte;ACES Tâmega III - Vale do Sousa Norte;13
2024-07-22;ARS Norte;ACES Tâmega III - Vale do Sousa Norte;32
2024-07-11;ARS Norte;Grupo | Postos Empresa | ARSN;1
2024-07-18;ARS Norte;Grupo | Postos Empresa | ARSN;1
2024-07-19;ARS Norte;Grupo | Postos Empresa | ARSN;2
2024-07-09;IASAÚDE Madeira;Centro de Saúde Dr. Francisco Rodrigues Jardim (ACES Madeira);1
2024-07-22;IASAÚDE Madeira;Centro de Saúde Dr. Francisco Rodrigues Jardim (ACES Madeira);1
2024-07-16;IASAÚDE Madeira;Centro de Saúde Zona Oeste (ACES Madeira);3
2024-07-18;IASAÚDE Madeira;Centro de Saúde Zona Oeste (ACES Madeira);3
2024-07-08;IASAÚDE Madeira;Centro de Saúde de Câmara de Lobos (ACES Madeira);3
2024-07-11;IASAÚDE Madeira;Centro de Saúde de Câmara de Lobos (ACES Madeira);1
2024-07-17;IASAÚDE Madeira;Centro de Saúde de Câmara de Lobos (ACES Madeira);4
2024-07-08;IASAÚDE Madeira;Centro de Saúde de Santa Cruz (ACES Madeira);5
2024-07-12;IASAÚDE Madeira;Centro de Saúde de Santa Cruz (ACES Madeira);2
2024-07-13;IASAÚDE Madeira;Centro de Saúde de Santa Cruz (ACES Madeira);3
2024-07-18;IASAÚDE Madeira;Centro de Saúde de Santa Cruz (ACES Madeira);6
2024-07-13;IASAÚDE Madeira;Centro de Saúde do Funchal Zona I (ACES Madeira);3
2024-07-16;IASAÚDE Madeira;Centro de Saúde do Funchal Zona I (ACES Madeira);10
2024-07-08;IASAÚDE Madeira;Centro de Saúde do Funchal Zona II (ACES Madeira);6
2024-07-11;IASAÚDE Madeira;Centro de Saúde do Funchal Zona II (ACES Madeira);2
2024-07-13;IASAÚDE Madeira;Centro de Saúde do Funchal Zona II (ACES Madeira);5
2024-07-12;Madeira;Madeira;18
2024-07-16;Madeira;Madeira;25
2024-07-17;Madeira;Madeira;25
2024-07-15;SRS Açores;Unidade de Saúde da Ilha Terceira;4
2024-07-13;SRS Açores;Unidade de Saúde da Ilha das Flores;1
2024-07-10;SRS Açores;Unidade de Saúde da Ilha de Santa Maria;1
2024-07-08;SRS Açores;Unidade de Saúde da Ilha de São Jorge;1
2024-07-11;SRS Açores;Unidade de Saúde da Ilha de São Miguel;11
2024-07-12;SRS Açores;Unidade de Saúde da Ilha de São Miguel;9
2024-07-14;SRS Açores;Unidade de Saúde da Ilha de São Miguel;5
2024-07-18;SRS Açores;Unidade de Saúde da Ilha de São Miguel;9
2024-07-08;SRS Açores;Unidade de Saúde da Ilha do Faial;2
2024-07-11;SRS Açores;Unidade de Saúde da Ilha do Faial;3
2024-07-16;SRS Açores;Unidade de Saúde da Ilha do Faial;3
2024-07-17;SRS Açores;Unidade de Saúde da Ilha do Faial;4
2024-07-10;SRS Açores;Unidade de Saúde da Ilha do Pico;1
2024-07-18;SRS Açores;Unidade de Saúde da Ilha do Pico;2
2024-07-08;ARS Alentejo;ACES Alentejo Central;26
2024-07-14;ARS Alentejo;ACES Alentejo Central;5
2024-07-18;ARS Alentejo;ACES Alentejo Central;17
2024-07-08;ARS Alentejo;ACES Alentejo Litoral;11
2024-07-09;ARS Alentejo;ACES Alentejo Litoral;7
2024-07-22;ARS Alentejo;ACES Alentejo Litoral;12
2024-07-14;ARS Alentejo;ACES Baixo Alentejo;4
2024-07-15;ARS Alentejo;ACES Baixo Alentejo;13
2024-07-21;ARS Alentejo;ACES Baixo Alentejo;8
2024-07-16;ARS Alentejo;ACES São Mamede;20
2024-07-19;ARS Alentejo;ACES São Mamede;19
2024-07-21;ARS Alentejo;ACES São Mamede;4
2024-07-08;ARS Algarve;ACES Algarve I - Algarve Central;40
2024-07-09;ARS Algarve;ACES Algarve I - Algarve Central;39
2024-07-10;ARS Algarve;ACES Algarve I - Algarve Central;40
2024-07-14;ARS Algarve;ACES Algarve I - Algarve Central;16
2024-07-16;ARS Algarve;ACES Algarve I - Algarve Central;40
2024-07-17;ARS Algarve;ACES Algarve I - Algarve Central;49
2024-07-11;ARS Algarve;ACES Algarve II - Algarve Barlavento;20
2024-07-13;ARS Algarve;ACES Algarve II - Algarve Barlavento;13
2024-07-13;ARS Algarve;ACES Algarve III - Algarve Sotavento;2
2024-07-16;ARS Algarve;ACES Algarve III - Algarve Sotavento;8
2024-07-19;ARS Algarve;ACES Algarve III - Algarve Sotavento;10
2024-07-20;ARS Algarve;ACES Algarve III - Algarve Sotavento;3
2024-07-22;ARS Algarve;ACES Algarve III - Algarve Sotavento;9
2024-07-11;ARS Centro;ACES Baixo Mondego;47
2024-07-12;ARS Centro;ACES Baixo Mondego;48
2024-07-17;ARS Centro;ACES Baixo Mondego;49
2024-07-19;ARS Centro;ACES Baixo Mondego;29
2024-07-09;ARS Centro;ACES Baixo Vouga;66
2024-07-14;ARS Centro;ACES Baixo Vouga;19
2024-07-19;ARS Centro;ACES Baixo Vouga;57
2024-07-16;ARS Centro;ACES Beira Interior Sul;3
2024-07-18;ARS Centro;ACES Beira Interior Sul;4
2024-07-19;ARS Centro;ACES Beira Interior Sul;5
2024-07-22;ARS Centro;ACES Beira Interior Sul;6
2024-07-10;ARS Centro;ACES Cova da Beira;12
2024-07-12;ARS Centro;ACES Cova da Beira;4
2024-07-16;ARS Centro;ACES Cova da Beira;14
2024-07-17;ARS Centro;ACES Cova da Beira;13
2024-07-17;ARS Centro;ACES Dão Lafões;38
2024-07-19;ARS Centro;ACES Dão Lafões;30
2024-07-22;ARS Centro;ACES Dão Lafões;51
2024-07-10;ARS Centro;ACES Guarda;5
2024-07-09;ARS Centro;ACES Pinhal Interior Norte;19
2024-07-10;ARS Centro;ACES Pinhal Interior Norte;13
2024-07-20;ARS Centro;ACES Pinhal Interior Norte;6
2024-07-22;ARS Centro;ACES Pinhal Interior Norte;16
2024-07-10;ARS Centro;ACES Pinhal Litoral;41
2024-07-11;ARS Centro;ACES Pinhal Litoral;26
2024-07-13;ARS Centro;ACES Pinhal Litoral;11
2024-07-20;ARS Centro;ACES Pinhal Litoral;10
2024-07-11;ARS Lisboa e Vale do Tejo;ACES Almada / Seixal;42
2024-07-22;ARS Lisboa e Vale do Tejo;ACES Almada / Seixal;51
2024-07-21;ARS Lisboa e Vale do Tejo;ACES Amadora;13
2024-07-22;ARS Lisboa e Vale do Tejo;ACES Amadora;27
2024-07-16;ARS Lisboa e Vale do Tejo;ACES Arco Ribeirinho;35
2024-07-09;ARS Lisboa e Vale do Tejo;ACES Arrábida;36
2024-07-12;ARS Lisboa e Vale do Tejo;ACES Arrábida;24
2024-07-21;ARS Lisboa e Vale do Tejo;ACES Arrábida;9
2024-07-08;ARS Lisboa e Vale do Tejo;ACES Cascais;38
2024-07-11;ARS Lisboa e Vale do Tejo;ACES Cascais;29
2024-07-11;ARS Lisboa e Vale do Tejo;ACES Estuário do Tejo;27
2024-07-17;ARS Lisboa e Vale do Tejo;ACES Estuário do Tejo;28
2024-07-21;ARS Lisboa e Vale do Tejo;ACES Estuário do Tejo;14
2024-07-20;ARS Lisboa e Vale do Tejo;ACES Lisboa Central;18
2024-07-22;ARS Lisboa e Vale do Tejo;ACES Lisboa Central;48
2024-07-10;ARS Lisboa e Vale do Tejo;ACES Lisboa Norte;28
2024-07-11;ARS Lisboa e Vale do Tejo;ACES Lisboa Norte;14
2024-07-14;ARS Lisboa e Vale do Tejo;ACES Lisboa Norte;10
2024-07-09;ARS Lisboa e Vale do Tejo;ACES Lisboa Ocidental e Oeiras;29
2024-07-14;ARS Lisboa e Vale do Tejo;ACES Lisboa Ocidental e Oeiras;15
2024-07-16;ARS Lisboa e Vale do Tejo;ACES Lisboa Ocidental e Oeiras;45
2024-07-20;ARS Lisboa e Vale do Tejo;ACES Lisboa Ocidental e Oeiras;12
2024-07-09;ARS Lisboa e Vale do Tejo;ACES Loures / Odivelas;56
2024-07-13;ARS Lisboa e Vale do Tejo;ACES Loures / Odivelas;17
2024-07-18;ARS Lisboa e Vale do Tejo;ACES Loures / Odivelas;60
2024-07-20;ARS Lisboa e Vale do Tejo;ACES Loures / Odivelas;22
2024-07-15;ARS Lisboa e Vale do Tejo;ACES Médio Tejo;42
2024-07-17;ARS Lisboa e Vale do Tejo;ACES Médio Tejo;32
2024-07-22;ARS Lisboa e Vale do Tejo;ACES Médio Tejo;39
2024-07-13;ARS Lisboa e Vale do Tejo;ACES Oeste Norte;6
2024-07-18;ARS Lisboa e Vale do Tejo;ACES Oeste Norte;25
2024-07-19;ARS Lisboa e Vale do Tejo;ACES Oeste Norte;19
2024-07-21;ARS Lisboa e Vale do Tejo;ACES Oeste Norte;14
2024-07-17;ARS Lisboa e Vale do Tejo;ACES Oeste Sul;39
2024-07-19;ARS Lisboa e Vale do Tejo;ACES Sintra;28
2024-07-08;ARS Norte;ACES Alto Ave - Guimarães, Vizela e Terras de Basto;41
2024-07-14;ARS Norte;ACES Alto Ave - Guimarães, Vizela e Terras de Basto;11
2024-07-16;ARS Norte;ACES Alto Ave - Guimarães, Vizela e Terras de Basto;36
2024-07-22;ARS Norte;ACES Alto Ave - Guimarães, Vizela e Terras de Basto;43
2024-07-09;ARS Norte;ACES Alto Minho;34
2024-07-10;ARS Norte;ACES Alto Trás-os-Montes - Alto Tâmega e Barroso;9
2024-07-13;ARS Norte;ACES Alto Trás-os-Montes - Alto Tâmega e Barroso;2
2024-07-14;ARS Norte;ACES Alto Trás-os-Montes - Alto Tâmega e Barroso;3
2024-07-17;ARS Norte;ACES Alto Trás-os-Montes - Alto Tâmega e Barroso;3
2024-07-20;ARS Norte;ACES Alto Trás-os-Montes - Alto Tâmega e Barroso;1
2024-07-21;ARS Norte;ACES Alto Trás-os-Montes - Alto Tâmega e Barroso;1
2024-07-09;ARS Norte;ACES Alto Trás-os-Montes - Nordeste;9
2024-07-10;ARS Norte;ACES Alto Trás-os-Montes - Nordeste;6
